{
  "hash": "a6e016b6",
  "configHash": "17a80720",
  "lockfileHash": "cd0192e5",
  "browserHash": "1868cc19",
  "optimized": {
    "@angular/core": {
      "src": "../../../../../node_modules/@angular/core/fesm2022/core.mjs",
      "file": "@angular_core.js",
      "fileHash": "0a64ae9e",
      "needsInterop": false
    },
    "@angular/platform-browser": {
      "src": "../../../../../node_modules/@angular/platform-browser/fesm2022/platform-browser.mjs",
      "file": "@angular_platform-browser.js",
      "fileHash": "21d54a2a",
      "needsInterop": false
    },
    "@angular/router": {
      "src": "../../../../../node_modules/@angular/router/fesm2022/router.mjs",
      "file": "@angular_router.js",
      "fileHash": "860ab997",
      "needsInterop": false
    }
  },
  "chunks": {
    "chunk-7JCZLXCD": {
      "file": "chunk-7JCZLXCD.js"
    },
    "chunk-ALH4AY2H": {
      "file": "chunk-ALH4AY2H.js"
    }
  }
}